Sequence_ID	Sequence	Length	Charge	Probability_score	AMPlify_log_scaled_score	Prediction
0	WFILVGLLAHGCKRWFLKAITRR	23	5	0.9881757	19.2722	AMP
1	FFPVMLKWLGKFV	13	2	0.9886683	19.4571	AMP
2	FLPLVIGLLGKNACLVNSKVC	21	2	0.99997467	45.9531	AMP
3	LLLKLKKLL	9	3	0.99958485	33.818	AMP
4	GLGIKVLGKIIAAVLGL	17	2	0.9997645	36.279	AMP
5	FKPWIKSLIKALF	13	3	0.99961936	34.1949	AMP
6	IFHLAFKAAFRIIHVRCKVTTKC	23	5	0.9999968	54.9233	AMP
7	FPMIIRGIASKYPAKGCAARKKC	23	6	0.9997894	36.7658	AMP
8	FMGMLAKGAKKVGAHLFLVCAQSQ	24	3	0.99661463	24.7039	AMP
9	FAPSLAALASKFVKAGKW	18	3	0.99676526	24.9017	AMP
10	FIGVLLKLAAKVGPAIFCKATRGC	24	4	0.99999267	51.3481	AMP
11	VIISKWWWKFIK	12	3	0.9991953	30.9435	AMP
12	KGLRKLAKKILAF	13	5	0.9996432	34.4758	AMP
13	LGIVGSLWKHL	11	1	0.9376332	12.0505	AMP
14	GLGSASYIGQIWLKSVVAAKTS	22	2	0.9981642	27.3617	AMP
15	IWGTLKKLLGKLL	13	3	0.9847871	18.1779	AMP
16	FPRLFKIILKAVKGNSYLFCPAS	23	4	0.9561677	13.5821	AMP
17	KVSPTAQSYLKYLVKPFVEGSSANQCPQAH	30	2	0.17059375	0.8123	non-AMP
18	GGHLRFRKKVHNVLSFLGMC	20	4	0.9974535	25.9406	AMP
19	QFRAFSYGRAAVFGHRTRAVPRR	23	6	0.20136175	0.9765	non-AMP
20	LSKRKLKWYKNVGKTIC	17	6	0.9997157	35.462	AMP
21	GFLDLMKKILPFIVKAFA	18	2	0.9999997	65.2575	AMP
22	FLQLNTKILANLA	13	1	0.84569854	8.1163	AMP
23	IALKKLLLKALSG	13	3	0.9891745	19.6555	AMP
24	IATMIASWSGKRAVMKPRGQNGCAAFTNR	29	5	0.67815685	4.9236	AMP
25	KLFVYSRRMVGMVRGTTRKCY	21	6	0.98059785	17.1215	AMP
26	KNTALVKGAAKVAANTIFFHKACTLLGHA	29	4	0.99552023	23.4874	AMP
27	FLQLWLKYLRKFL	13	3	0.99999267	51.3481	AMP
28	FLLVIVYMIGKALPTGSHLVTK	22	2	0.90461695	10.2053	AMP
29	LLKWLFKAL	9	2	0.99974906	36.0044	AMP
30	LKKLLKKLLKF	11	5	0.999859	38.5071	AMP
31	LLGTKRWVGGALK	13	3	0.8736882	8.9856	AMP
